{"cameraMode":{"drawMode":0,"name":"Shaded","section":"Shading Mode"},"sceneLighting":true,"audioPlay":false,"sceneViewState":{"m_AlwaysRefresh":false,"showFog":true,"showSkybox":true,"showFlares":true,"showImageEffects":true,"showParticleSystems":true,"showVisualEffectGraphs":true,"m_FxEnabled":true},"in2DMode":false,"pivot":{"x":-12.862908363342286,"y":2.0647389888763429,"z":-0.9969301223754883},"rotation":{"x":0.047932565212249759,"y":-0.7111465334892273,"z":0.048717718571424487,"w":0.6997156739234924},"size":10.719664573669434,"orthographic":false}