{"cameraMode":{"drawMode":0,"name":"Shaded","section":"Shading Mode"},"sceneLighting":true,"audioPlay":false,"sceneViewState":{"m_AlwaysRefresh":false,"showFog":true,"showSkybox":true,"showFlares":true,"showImageEffects":true,"showParticleSystems":true,"showVisualEffectGraphs":true,"m_FxEnabled":true},"in2DMode":false,"pivot":{"x":0.5295308828353882,"y":50.6673583984375,"z":-41.429718017578128},"rotation":{"x":0.4901725947856903,"y":-0.016994480043649675,"z":0.009559547528624535,"w":0.8714005947113037},"size":15.652562141418457,"orthographic":false}